{"cameraMode":{"drawMode":0,"name":"Shaded","section":"Shading Mode"},"sceneLighting":true,"audioPlay":false,"sceneViewState":{"showFog":true,"showMaterialUpdate":false,"showSkybox":true,"showFlares":true,"showImageEffects":true,"showParticleSystems":true,"showVisualEffectGraphs":true,"m_FxEnabled":true},"in2DMode":false,"pivot":{"x":0.2746470272541046,"y":2.0397627353668215,"z":5.717212677001953},"rotation":{"x":0.05278058722615242,"y":0.013790637254714966,"z":-0.0007297538104467094,"w":0.9985210299491882},"size":7.39686918258667,"orthographic":false}