{"cameraMode":{"drawMode":0,"name":"Shaded","section":"Shading Mode"},"sceneLighting":true,"audioPlay":false,"sceneViewState":{"showFog":true,"showMaterialUpdate":false,"showSkybox":true,"showFlares":true,"showImageEffects":true,"showParticleSystems":true,"showVisualEffectGraphs":true,"m_FxEnabled":true},"in2DMode":false,"pivot":{"x":-0.8113096952438355,"y":6.517470359802246,"z":-15.472613334655762},"rotation":{"x":-0.15366798639297486,"y":-0.053041089326143268,"z":0.008253633975982666,"w":-0.9866819381713867},"size":-4.7848591804504398,"orthographic":false}