{"cameraMode":{"drawMode":0,"name":"Shaded","section":"Shading Mode"},"sceneLighting":true,"audioPlay":false,"sceneViewState":{"showFog":true,"showMaterialUpdate":false,"showSkybox":true,"showFlares":true,"showImageEffects":true,"showParticleSystems":true,"showVisualEffectGraphs":true,"m_FxEnabled":true},"in2DMode":false,"pivot":{"x":-0.23317010700702668,"y":1.5462117195129395,"z":0.08237430453300476},"rotation":{"x":0.08119957894086838,"y":-0.022428272292017938,"z":0.0018264930695295334,"w":0.9964490532875061},"size":5.996562957763672,"orthographic":false}