{"cameraMode":{"drawMode":0,"name":"Shaded","section":"Shading Mode"},"sceneLighting":true,"audioPlay":false,"sceneViewState":{"showFog":true,"showMaterialUpdate":false,"showSkybox":true,"showFlares":true,"showImageEffects":true,"showParticleSystems":true,"showVisualEffectGraphs":true,"m_FxEnabled":true},"in2DMode":false,"pivot":{"x":-0.23317010700702668,"y":1.5462117195129395,"z":0.08237430453300476},"rotation":{"x":0.04261622577905655,"y":-0.8984695076942444,"z":0.08952024579048157,"w":0.42770206928253176},"size":5.996562957763672,"orthographic":false}